0.jpg,117,460,311,657,1
0.jpg,562,861,402,648,3
0.jpg,928,1215,104,656,6
1.jpg,249,600,438,795,1
1.jpg,836,1103,394,814,1
2.jpg,195,534,492,809,3
2.jpg,723,1074,488,817,4
3.jpg,182,547,518,808,3
3.jpg,666,963,552,812,3
4.jpg,161,524,493,804,3
4.jpg,672,1179,561,822,8
5.jpg,175,526,507,805,3
5.jpg,729,927,378,819,9
6.jpg,247,578,501,792,3
6.jpg,751,992,362,809,9
7.jpg,107,458,320,653,1
7.jpg,568,849,418,651,3
7.jpg,930,1217,128,659,6
8.jpg,96,634,550,819,8
8.jpg,737,949,377,812,9
9.jpg,185,418,224,817,7
9.jpg,493,711,227,817,7
10.jpg,112,450,318,652,1
10.jpg,588,845,415,659,3
10.jpg,922,1213,115,656,6
11.jpg,108,454,340,659,1
11.jpg,553,844,416,657,3
11.jpg,927,1205,129,658,6
12.jpg,176,500,517,793,5
12.jpg,621,939,474,813,4
12.jpg,971,1305,470,799,3
13.jpg,171,500,527,796,5
13.jpg,582,898,474,816,4
13.jpg,968,1306,473,788,3
14.jpg,181,497,515,802,5
14.jpg,603,912,434,802,1
14.jpg,954,1280,414,792,1
15.jpg,116,447,325,657,1
15.jpg,563,854,426,665,3
15.jpg,925,1211,134,656,6
16.jpg,433,628,576,798,2
17.jpg,435,628,569,794,2
18.jpg,255,759,561,818,8
18.jpg,840,1083,382,818,9
19.jpg,829,1080,389,803,9
20.jpg,181,704,546,816,8
20.jpg,826,1084,379,814,9
21.jpg,179,709,568,808,8
21.jpg,849,1075,380,812,9
22.jpg,839,1074,391,811,9
23.jpg,840,1074,389,809,9
24.jpg,179,577,474,812,3
24.jpg,748,1100,473,817,4
25.jpg,182,591,447,828,3
25.jpg,737,1110,467,817,4
26.jpg,238,456,238,669,9
26.jpg,903,1193,134,668,6
27.jpg,181,582,453,814,3
27.jpg,732,1108,484,817,4
28.jpg,176,589,449,820,3
28.jpg,728,1106,468,817,4
29.jpg,186,593,439,819,3
29.jpg,734,1105,465,825,4
30.jpg,170,592,449,818,3
31.jpg,246,616,418,819,1
31.jpg,701,1032,378,812,1
32.jpg,220,537,523,765,5
32.jpg,945,1252,553,791,3
33.jpg,359,693,550,796,5
33.jpg,775,1082,559,793,3
34.jpg,346,704,539,808,5
34.jpg,771,1080,564,797,3
35.jpg,250,582,557,794,3
35.jpg,620,945,548,797,5
36.jpg,260,593,555,801,3
36.jpg,709,1127,459,800,4
37.jpg,260,596,552,798,3
37.jpg,717,1138,467,799,4
38.jpg,367,679,362,803,1
38.jpg,729,1062,397,807,1
39.jpg,337,672,542,799,3
39.jpg,708,1049,411,805,1
40.jpg,344,664,536,813,3
40.jpg,740,1086,513,797,5
41.jpg,343,594,230,810,7
41.jpg,903,1155,367,812,9
42.jpg,862,1131,234,819,6
43.jpg,262,630,450,817,3
43.jpg,716,1037,402,815,1
44.jpg,250,630,448,819,3
44.jpg,777,1120,363,804,1
45.jpg,243,636,464,815,3
45.jpg,831,1215,389,812,1
46.jpg,370,621,346,827,9
46.jpg,746,995,227,819,6
47.jpg,351,626,342,821,9
47.jpg,710,1065,331,821,1
48.jpg,366,622,330,817,9
48.jpg,770,1185,436,809,4
49.jpg,376,615,337,815,9
49.jpg,821,1145,355,799,1
50.jpg,227,613,454,790,4
50.jpg,840,1047,509,795,2
51.jpg,241,613,439,794,4
51.jpg,867,1180,343,788,1
52.jpg,228,785,530,804,8
52.jpg,847,1111,217,805,7
53.jpg,235,756,541,794,8
53.jpg,894,1226,536,798,5
54.jpg,248,665,428,796,3
54.jpg,714,1007,548,793,3
55.jpg,302,642,427,786,3
55.jpg,697,962,548,794,3
55.jpg,999,1304,511,786,3
56.jpg,411,638,217,788,7
56.jpg,734,967,213,792,6
57.jpg,377,632,355,810,9
57.jpg,723,971,220,809,6
58.jpg,226,576,533,809,5
58.jpg,743,1112,439,810,3
59.jpg,252,586,537,790,5
59.jpg,807,1071,222,803,7
60.jpg,258,581,522,788,5
60.jpg,809,1123,529,791,3
61.jpg,472,103,507,799,5
61.jpg,979,1289,531,791,3
62.jpg,450,114,513,796,5
62.jpg,533,836,392,764,1
62.jpg,984,1302,533,778,3
63.jpg,469,221,253,676,9
63.jpg,928,1186,183,718,6
64.jpg,458,103,499,797,5
64.jpg,578,914,432,790,3
64.jpg,980,1290,524,785,3
65.jpg,445,104,496,777,5
65.jpg,596,907,412,769,3
65.jpg,921,1266,305,768,1
66.jpg,102,476,514,774,5
66.jpg,572,818,345,775,9
66.jpg,924,1177,238,760,6
67.jpg,218,427,521,777,2
67.jpg,896,1251,298,796,1
68.jpg,226,420,536,768,2
68.jpg,889,1236,305,795,1
69.jpg,231,428,520,759,2
69.jpg,551,817,344,792,9
69.jpg,887,1240,299,794,1
70.jpg,214,425,544,751,2
70.jpg,471,813,503,783,5
70.jpg,891,1234,311,788,1
71.jpg,227,423,530,766,2
71.jpg,484,814,511,797,5
71.jpg,907,1296,426,776,4
72.jpg,224,412,543,786,2
72.jpg,481,805,505,789,5
72.jpg,884,1241,328,770,1
73.jpg,230,431,537,759,2
73.jpg,602,976,396,788,3
73.jpg,1037,1351,495,754,3
74.jpg,158,418,192,787,7
74.jpg,596,949,424,770,4
74.jpg,1067,1378,402,755,3
75.jpg,163,408,189,788,7
75.jpg,578,957,427,762,4
75.jpg,1069,1374,456,740,3
77.jpg,105,457,419,785,4
77.jpg,520,898,326,784,1
77.jpg,942,1251,216,763,6
79.jpg,97,368,319,781,9
79.jpg,484,811,289,785,1
79.jpg,918,1193,204,780,6
80.jpg,117,518,409,779,4
80.jpg,626,922,314,761,1
80.jpg,949,1241,217,753,7
82.jpg,171,531,418,771,4
82.jpg,664,979,411,766,3
82.jpg,1048,1310,219,741,7
83.jpg,272,504,219,658,9
83.jpg,964,1222,147,696,6
84.jpg,104,484,326,784,1
84.jpg,653,985,415,773,3
84.jpg,1046,1305,215,743,7
85.jpg,101,597,534,775,8
85.jpg,651,893,326,785,9
85.jpg,962,1271,210,760,7
86.jpg,107,466,374,772,1
86.jpg,544,852,494,778,5
86.jpg,967,1170,479,763,2
87.jpg,108,543,430,774,4
87.jpg,645,977,428,756,3
87.jpg,1054,1326,218,753,7
88.jpg,101,520,431,784,4
88.jpg,641,971,422,767,3
88.jpg,1052,1325,223,772,7
89.jpg,138,518,306,783,1
89.jpg,609,910,483,784,5
89.jpg,1048,1327,208,759,7
91.jpg,159,505,390,763,1
91.jpg,626,869,216,762,7
91.jpg,934,1335,431,746,4
92.jpg,100,398,497,790,5
92.jpg,595,1071,526,779,8
94.jpg,281,498,225,649,9
94.jpg,968,1223,179,710,6
95.jpg,198,444,190,791,7
95.jpg,878,1141,208,778,7
98.jpg,335,690,504,802,5
99.jpg,133,774,507,815,3
105.jpg,279,490,224,647,9
105.jpg,959,1231,169,699,6
106.jpg,103,461,307,813,1
106.jpg,612,951,362,778,1
106.jpg,960,1274,202,769,7
108.jpg,155,540,297,810,1
108.jpg,662,989,366,784,1
108.jpg,973,1271,225,769,6
110.jpg,130,525,376,777,1
110.jpg,636,894,202,786,7
110.jpg,1035,1376,403,767,4
111.jpg,130,527,376,777,1
111.jpg,627,880,211,778,7
111.jpg,1025,1375,408,777,4
112.jpg,138,526,360,781,1
112.jpg,635,879,222,780,7
112.jpg,987,1288,339,767,1
113.jpg,135,517,367,791,1
113.jpg,641,883,214,788,7
113.jpg,982,1296,340,764,1
114.jpg,127,528,388,781,1
114.jpg,646,891,214,781,7
114.jpg,990,1288,365,785,1
115.jpg,141,537,393,792,1
115.jpg,632,883,192,785,7
115.jpg,1020,1377,418,748,4
116.jpg,281,482,228,656,9
116.jpg,967,1231,182,704,6
117.jpg,255,570,475,768,3
117.jpg,640,870,225,772,7
117.jpg,953,1214,207,781,7
118.jpg,250,570,498,780,3
118.jpg,630,885,222,791,7
118.jpg,956,1209,210,779,7
119.jpg,274,574,499,762,3
119.jpg,637,878,225,781,7
119.jpg,967,1349,411,775,4
120.jpg,256,572,469,779,3
120.jpg,632,885,221,779,7
120.jpg,961,1306,351,781,1
121.jpg,252,589,496,770,3
121.jpg,635,882,190,786,7
121.jpg,951,1291,341,787,1
122.jpg,256,571,457,784,3
122.jpg,667,853,535,749,2
122.jpg,1012,1309,518,744,3
123.jpg,171,404,181,785,7
123.jpg,669,859,532,751,2
123.jpg,976,1376,420,765,4
124.jpg,162,401,188,783,7
124.jpg,666,854,541,762,2
124.jpg,1004,1371,428,760,4
125.jpg,158,398,199,784,7
125.jpg,596,867,344,782,1
125.jpg,988,1377,407,773,4
126.jpg,148,393,210,792,7
126.jpg,586,847,345,780,1
126.jpg,905,1377,538,756,8
127.jpg,283,480,235,661,9
127.jpg,942,1217,177,712,6
128.jpg,135,520,416,796,3
128.jpg,567,846,525,788,3
128.jpg,872,1152,204,793,7
129.jpg,128,509,467,818,3
129.jpg,566,827,544,818,3
129.jpg,880,1152,255,819,7
130.jpg,130,510,467,816,3
130.jpg,643,954,402,820,1
130.jpg,961,1283,242,819,7
132.jpg,307,668,343,800,1
132.jpg,735,1095,455,814,4
133.jpg,304,685,338,805,1
133.jpg,717,1088,448,818,4
134.jpg,343,656,506,755,5
134.jpg,853,1193,373,813,1
135.jpg,209,520,244,669,1
135.jpg,610,817,154,684,6
135.jpg,966,1273,463,711,3
136.jpg,412,665,319,788,9
136.jpg,893,1195,360,811,1
137.jpg,194,544,406,759,4
137.jpg,654,969,459,783,3
137.jpg,1071,1312,279,815,7
138.jpg,304,591,345,768,1
138.jpg,666,951,444,794,3
138.jpg,1058,1308,281,812,7
139.jpg,236,570,451,776,4
139.jpg,717,1007,480,809,3
139.jpg,1115,1372,299,815,7
140.jpg,244,570,437,772,4
140.jpg,727,973,402,810,1
140.jpg,1124,1371,300,818,7
141.jpg,153,518,418,782,4
141.jpg,585,930,469,812,3
141.jpg,1005,1378,577,817,8
142.jpg,153,525,419,780,4
142.jpg,597,908,488,813,3
142.jpg,943,1376,597,817,8
143.jpg,147,530,426,783,4
143.jpg,586,919,472,814,3
143.jpg,1044,1331,310,817,7
144.jpg,131,540,427,791,4
144.jpg,570,918,463,817,3
144.jpg,1044,1330,305,817,7
145.jpg,130,534,419,786,4
145.jpg,586,911,470,823,3
145.jpg,920,1375,597,813,8
146.jpg,203,491,257,667,1
146.jpg,738,1054,434,697,3
147.jpg,120,509,428,790,4
147.jpg,591,885,462,816,3
147.jpg,974,1378,602,815,8
149.jpg,156,519,295,801,1
149.jpg,719,926,246,816,6
149.jpg,1009,1276,398,817,9
150.jpg,199,565,432,785,3
150.jpg,637,1147,566,819,8
151.jpg,357,543,207,787,7
151.jpg,640,854,356,813,9
151.jpg,916,1378,594,815,8
153.jpg,124,388,314,782,9
153.jpg,517,869,525,818,5
153.jpg,980,1315,402,817,1
155.jpg,301,647,312,804,1
155.jpg,724,927,235,819,6
155.jpg,972,1356,476,819,1
156.jpg,280,636,323,788,1
156.jpg,643,1000,433,816,1
156.jpg,1026,1344,271,818,6
157.jpg,186,511,252,655,1
157.jpg,556,889,354,697,1
157.jpg,947,1251,447,697,3
158.jpg,354,699,384,801,1
158.jpg,865,1085,281,818,6
159.jpg,367,678,399,798,1
160.jpg,342,692,387,805,1
161.jpg,300,499,203,783,6
161.jpg,574,780,235,810,7
162.jpg,150,545,388,806,1
162.jpg,609,906,528,820,3
164.jpg,258,637,433,793,4
164.jpg,702,917,363,819,9
165.jpg,146,658,512,796,8
165.jpg,719,931,573,806,2
165.jpg,1022,1295,269,817,6
166.jpg,259,491,178,794,6
166.jpg,614,828,374,821,9
166.jpg,929,1311,419,817,1
168.jpg,196,443,220,671,9
168.jpg,547,874,345,671,1
168.jpg,963,1238,446,690,3
169.jpg,118,540,418,783,4
169.jpg,579,928,461,817,3
169.jpg,996,1242,283,820,6
170.jpg,159,494,515,793,3
170.jpg,587,941,459,817,3
170.jpg,1008,1259,285,820,6
171.jpg,150,517,382,791,1
171.jpg,607,922,370,818,1
171.jpg,1001,1229,282,817,6
173.jpg,118,584,504,781,1
173.jpg,712,930,257,811,6
173.jpg,990,1342,493,818,3
174.jpg,131,555,496,759,1
174.jpg,636,823,258,798,6
174.jpg,993,1338,492,818,3
176.jpg,182,440,317,795,9
176.jpg,661,952,406,821,1
176.jpg,1025,1377,481,815,3
177.jpg,189,527,520,786,5
177.jpg,632,851,244,818,7
177.jpg,1022,1377,493,815,3
179.jpg,188,449,203,674,9
179.jpg,564,873,260,704,1
179.jpg,940,1283,399,717,4
180.jpg,103,397,515,813,3
180.jpg,595,918,548,818,5
180.jpg,991,1377,373,818,1
181.jpg,194,479,194,787,7
181.jpg,491,985,549,814,8
181.jpg,989,1369,419,816,1
183.jpg,182,525,336,798,1
183.jpg,631,856,374,818,9
183.jpg,975,1203,289,817,7
184.jpg,235,481,182,800,7
184.jpg,551,1067,559,810,8
184.jpg,1109,1320,586,819,2
185.jpg,252,472,188,785,7
185.jpg,572,816,217,820,7
185.jpg,914,1277,416,820,1
186.jpg,261,483,196,787,7
186.jpg,546,835,394,815,1
186.jpg,948,1212,406,816,9
187.jpg,260,478,181,790,7
187.jpg,563,927,439,816,3
187.jpg,968,1351,500,818,4
188.jpg,229,446,538,781,2
188.jpg,592,810,235,818,6
188.jpg,906,1160,378,818,9
189.jpg,21,341,391,665,3
189.jpg,556,857,249,710,1
189.jpg,931,1270,398,725,4
190.jpg,578,917,384,819,1
190.jpg,971,1329,432,820,1
192.jpg,275,526,189,804,7
192.jpg,615,839,370,820,9
192.jpg,921,1302,489,819,4
193.jpg,246,527,180,792,7
193.jpg,562,1068,549,819,8
194.jpg,267,520,207,794,7
194.jpg,592,887,380,815,1
194.jpg,977,1377,491,818,3
195.jpg,216,468,155,722,7
195.jpg,471,982,480,734,8
195.jpg,978,1265,198,735,7
197.jpg,166,493,435,704,5
197.jpg,609,850,154,744,7
197.jpg,968,1216,295,737,9
198.jpg,102,448,430,723,3
198.jpg,604,856,151,736,7
198.jpg,958,1317,287,739,1
199.jpg,21,347,395,670,3
199.jpg,519,743,248,709,9
199.jpg,928,1275,400,721,4
200.jpg,101,422,423,723,3
200.jpg,592,853,154,741,7
200.jpg,969,1301,303,740,1
202.jpg,317,545,138,719,7
202.jpg,602,835,272,740,9
202.jpg,876,1270,391,740,4
204.jpg,124,528,229,737,1
204.jpg,635,1011,316,781,1
204.jpg,1014,1344,145,759,7
206.jpg,295,611,281,745,1
206.jpg,715,887,481,737,2
206.jpg,966,1246,296,740,9
208.jpg,99,508,280,742,1
208.jpg,550,919,230,765,1
208.jpg,983,1261,298,725,9
210.jpg,21,335,419,657,3
210.jpg,398,601,255,681,9
210.jpg,641,980,403,725,4
210.jpg,949,1226,190,711,6
211.jpg,200,613,367,722,3
211.jpg,706,973,452,714,3
211.jpg,996,1315,179,733,7
212.jpg,106,479,328,749,1
212.jpg,616,968,237,737,1
212.jpg,1047,1324,286,753,9
214.jpg,262,605,249,694,1
214.jpg,899,1235,470,757,5
216.jpg,454,1021,483,756,8
217.jpg,498,1037,465,758,8
219.jpg,148,497,302,721,1
219.jpg,606,915,253,730,1
219.jpg,981,1250,190,736,7
220.jpg,164,502,428,725,3
220.jpg,597,944,374,743,3
220.jpg,1004,1335,467,745,5
221.jpg,24,333,402,671,3
221.jpg,390,618,259,687,9
221.jpg,938,1215,187,722,6
222.jpg,148,499,429,731,3
222.jpg,614,964,303,733,1
222.jpg,993,1333,458,734,5
224.jpg,102,492,183,756,1
224.jpg,638,990,320,756,1
224.jpg,1009,1324,164,749,7
225.jpg,101,473,184,733,1
225.jpg,572,854,293,744,9
225.jpg,949,1375,358,732,3
227.jpg,148,508,235,683,1
227.jpg,651,970,376,726,4
227.jpg,1108,1347,196,721,6
229.jpg,248,542,436,671,3
229.jpg,643,852,270,709,9
229.jpg,941,1208,187,722,7
231.jpg,247,796,534,813,8
231.jpg,898,1149,371,822,9
232.jpg,161,552,243,763,1
232.jpg,606,966,379,792,1
232.jpg,989,1272,329,781,9
233.jpg,162,553,252,782,1
233.jpg,610,958,369,792,1
233.jpg,1006,1265,351,787,9
234.jpg,188,617,387,761,4
234.jpg,668,949,497,767,5
234.jpg,964,1226,235,780,6
235.jpg,254,650,392,763,4
235.jpg,877,1108,221,789,6
236.jpg,126,520,373,737,3
236.jpg,624,940,287,751,1
236.jpg,1097,1313,522,743,2
237.jpg,401,777,413,761,4
237.jpg,845,1192,422,765,4
238.jpg,100,326,133,736,6
238.jpg,407,745,268,759,1
238.jpg,880,1130,325,782,9
240.jpg,230,548,433,697,3
240.jpg,626,862,280,712,9
240.jpg,922,1224,195,727,6
241.jpg,113,512,211,763,1
241.jpg,593,959,343,778,1
241.jpg,1017,1310,324,769,9
243.jpg,416,782,398,746,4
243.jpg,820,1172,425,742,4
244.jpg,819,1189,423,740,4
245.jpg,114,479,251,728,1
245.jpg,511,829,381,736,3
245.jpg,918,1243,454,743,4
246.jpg,265,605,310,735,4
246.jpg,659,1004,404,751,3
246.jpg,1047,1299,204,758,6
247.jpg,114,495,291,761,1
247.jpg,613,945,417,756,4
248.jpg,105,498,379,749,1
248.jpg,618,953,415,767,4
249.jpg,96,494,304,766,1
249.jpg,575,891,278,758,1
250.jpg,224,457,164,726,7
250.jpg,489,806,481,761,5
250.jpg,892,1226,501,765,3
251.jpg,242,556,437,675,3
251.jpg,642,856,271,717,9
251.jpg,934,1215,194,725,7
252.jpg,209,439,169,730,7
252.jpg,500,795,483,747,5
252.jpg,904,1226,505,770,3
253.jpg,229,459,170,730,7
253.jpg,489,828,493,747,5
253.jpg,919,1236,529,772,3
255.jpg,143,522,232,741,1
255.jpg,569,959,333,783,1
255.jpg,975,1294,206,774,6
256.jpg,224,570,377,720,3
256.jpg,623,885,280,753,1
256.jpg,941,1194,210,770,7
257.jpg,123,479,244,752,1
257.jpg,609,866,177,762,6
257.jpg,955,1240,195,771,7
258.jpg,195,569,321,759,1
258.jpg,666,986,306,758,1
258.jpg,1053,1334,186,779,6
259.jpg,185,548,368,744,3
259.jpg,677,999,484,756,5
259.jpg,1042,1340,190,772,6
261.jpg,207,571,385,730,3
261.jpg,631,919,504,759,3
261.jpg,971,1238,217,764,6
262.jpg,288,489,118,696,7
262.jpg,645,853,274,722,9
262.jpg,933,1207,192,710,6
263.jpg,155,489,464,720,5
263.jpg,658,873,292,749,9
263.jpg,971,1280,335,743,1
265.jpg,162,478,280,737,1
265.jpg,577,801,294,744,9
265.jpg,916,1262,417,743,3
266.jpg,105,565,476,742,8
266.jpg,635,864,307,754,9
266.jpg,926,1146,194,760,7
267.jpg,205,556,295,731,1
267.jpg,638,857,157,762,7
267.jpg,949,1329,395,777,3
268.jpg,218,572,376,723,3
268.jpg,636,931,493,767,3
268.jpg,956,1232,203,753,7
271.jpg,195,551,317,731,1
271.jpg,644,937,307,777,1
271.jpg,1004,1324,185,768,6
272.jpg,233,477,156,727,7
272.jpg,639,997,432,756,4
272.jpg,1142,1377,404,748,3
273.jpg,281,474,122,693,7
273.jpg,633,843,274,714,9
273.jpg,934,1201,194,712,6
274.jpg,241,575,356,710,1
274.jpg,694,891,512,723,2
274.jpg,975,1264,205,765,7
275.jpg,229,573,358,729,1
275.jpg,693,890,510,734,2
275.jpg,972,1260,198,760,7
276.jpg,471,763,381,698,1
276.jpg,871,1037,517,701,2
276.jpg,1128,1373,241,741,7
277.jpg,226,573,330,737,1
277.jpg,656,941,346,751,1
277.jpg,980,1249,218,751,7
278.jpg,619,968,354,744,1
278.jpg,980,1255,202,756,7
279.jpg,171,392,462,719,2
279.jpg,619,961,342,743,1
279.jpg,966,1254,207,751,7
280.jpg,114,445,482,724,3
280.jpg,647,955,350,761,1
280.jpg,978,1237,236,758,7
281.jpg,110,443,487,730,3
281.jpg,637,957,349,749,1
281.jpg,986,1245,195,753,7
282.jpg,115,434,494,727,3
282.jpg,647,945,337,745,1
282.jpg,967,1248,218,775,7
283.jpg,104,436,368,741,1
283.jpg,584,908,325,766,1
283.jpg,978,1352,484,773,5
284.jpg,268,500,105,692,7
284.jpg,642,851,278,706,9
284.jpg,933,1201,200,721,6
285.jpg,105,420,329,736,1
285.jpg,614,878,326,763,1
285.jpg,999,1348,499,770,5
286.jpg,142,501,382,699,3
286.jpg,977,1315,494,748,5
287.jpg,141,484,387,697,1
287.jpg,1005,1307,494,738,5
288.jpg,277,455,486,689,2
288.jpg,623,948,371,733,1
288.jpg,1013,1370,406,749,3
289.jpg,148,363,116,723,7
289.jpg,459,694,153,740,6
289.jpg,779,1018,316,740,9
290.jpg,90,362,24,613,7
290.jpg,521,736,64,627,6
290.jpg,898,1133,201,654,9
291.jpg,181,429,105,696,7
291.jpg,602,826,153,711,6
291.jpg,976,1209,283,735,9
292.jpg,186,414,107,702,7
292.jpg,582,864,469,731,3
292.jpg,946,1209,278,744,9
293.jpg,101,437,248,597,1
293.jpg,554,838,363,580,3
293.jpg,935,1193,70,588,6
294.jpg,284,560,300,711,1
294.jpg,599,904,494,740,3
294.jpg,949,1195,189,775,7
295.jpg,225,543,299,747,1
295.jpg,570,866,485,757,3
295.jpg,920,1184,208,767,7
296.jpg,251,550,304,757,1
296.jpg,584,885,514,779,3
296.jpg,931,1206,227,795,7
297.jpg,107,434,259,584,1
297.jpg,548,825,352,576,3
297.jpg,924,1194,58,592,6
298.jpg,243,576,243,695,1
298.jpg,615,896,463,703,3
298.jpg,944,1187,158,728,7
299.jpg,248,549,272,703,1
299.jpg,591,882,455,708,3
299.jpg,896,1200,145,698,7
300.jpg,652,867,273,695,9
300.jpg,915,1192,164,686,7
301.jpg,739,945,324,756,9
301.jpg,1021,1246,240,759,7
302.jpg,109,438,248,571,1
302.jpg,553,832,342,594,3
302.jpg,916,1199,65,590,6
306.jpg,640,970,426,773,4
306.jpg,1054,1363,492,782,3
307.jpg,332,573,291,753,9
307.jpg,626,970,449,758,4
307.jpg,1049,1356,505,769,3
308.jpg,327,566,302,757,9
308.jpg,630,970,441,774,4
308.jpg,1056,1362,484,774,3
309.jpg,319,562,303,761,9
309.jpg,625,950,441,759,4
309.jpg,1061,1350,500,778,3
310.jpg,354,694,385,753,1
310.jpg,726,1025,516,767,3
310.jpg,1064,1365,216,795,6
311.jpg,246,576,506,740,3
311.jpg,669,979,486,772,3
311.jpg,1037,1289,218,796,7
312.jpg,97,446,246,585,1
312.jpg,564,822,354,590,3
312.jpg,910,1196,65,585,6
313.jpg,251,586,491,739,3
313.jpg,669,962,458,772,3
313.jpg,1037,1294,195,785,7
314.jpg,317,529,426,629,2
314.jpg,584,932,335,646,4
314.jpg,1002,1234,102,639,7
315.jpg,389,555,533,778,2
315.jpg,645,992,504,806,4
315.jpg,1023,1312,235,808,7
316.jpg,741,918,573,780,2
316.jpg,1017,1281,247,813,7
317.jpg,699,907,581,774,2
317.jpg,989,1271,251,812,7
318.jpg,713,910,558,799,2
318.jpg,987,1264,268,818,7
319.jpg,96,435,232,540,1
319.jpg,532,834,322,543,3
319.jpg,940,1191,42,569,6
320.jpg,723,885,585,770,2
320.jpg,977,1253,272,819,7
321.jpg,996,1329,275,817,7
